,precision,recall,f1-score,support
Pick,1.0,0.9473684210526315,0.972972972972973,19.0
Insert,1.0,1.0,1.0,21.0
Lock,1.0,1.0,1.0,23.0
Putdown,0.875,1.0,0.9333333333333333,7.0
accuracy,0.9857142857142858,0.9857142857142858,0.9857142857142858,0.9857142857142858
macro avg,0.96875,0.9868421052631579,0.9765765765765766,70.0
weighted avg,0.9875,0.9857142857142858,0.9859974259974259,70.0
